-- phpMyAdmin SQL Dump
-- version 5.0.3
-- https://www.phpmyadmin.net/
--
-- Servidor: 127.0.0.1
-- Tiempo de generación: 01-04-2021 a las 08:37:50
-- Versión del servidor: 10.4.14-MariaDB
-- Versión de PHP: 7.2.34

SET SQL_MODE = "NO_AUTO_VALUE_ON_ZERO";
START TRANSACTION;
SET time_zone = "+00:00";


/*!40101 SET @OLD_CHARACTER_SET_CLIENT=@@CHARACTER_SET_CLIENT */;
/*!40101 SET @OLD_CHARACTER_SET_RESULTS=@@CHARACTER_SET_RESULTS */;
/*!40101 SET @OLD_COLLATION_CONNECTION=@@COLLATION_CONNECTION */;
/*!40101 SET NAMES utf8mb4 */;

--
-- Base de datos: `ventas`
--

-- --------------------------------------------------------

--
-- Estructura de tabla para la tabla `articulos`
--

CREATE TABLE `articulos` (
  `id_producto` int(11) NOT NULL,
  `id_categoria` int(11) NOT NULL,
  `id_imagen` int(11) NOT NULL,
  `id_usuario` int(11) NOT NULL,
  `nombre` varchar(50) DEFAULT NULL,
  `descripcion` varchar(500) DEFAULT NULL,
  `cantidad` int(11) DEFAULT NULL,
  `precio` float DEFAULT NULL,
  `fechaCaptura` date DEFAULT NULL
) ENGINE=InnoDB DEFAULT CHARSET=utf8mb4;

--
-- Volcado de datos para la tabla `articulos`
--

INSERT INTO `articulos` (`id_producto`, `id_categoria`, `id_imagen`, `id_usuario`, `nombre`, `descripcion`, `cantidad`, `precio`, `fechaCaptura`) VALUES
(1, 1, 1, 3, 'lotes de 15 x 30', 'lotes en breña de 15 x 30', 1, 1500, '2021-01-25'),
(2, 2, 2, 3, 'pies de casa', 'pies de casa de 7 x 15', 1, 2000, '2021-01-25');

-- --------------------------------------------------------

--
-- Estructura de tabla para la tabla `categorias`
--

CREATE TABLE `categorias` (
  `id_categoria` int(11) NOT NULL,
  `id_usuario` int(11) NOT NULL,
  `nombreCategoria` varchar(150) DEFAULT NULL,
  `fechaCaptura` date DEFAULT NULL
) ENGINE=InnoDB DEFAULT CHARSET=utf8mb4;

--
-- Volcado de datos para la tabla `categorias`
--

INSERT INTO `categorias` (`id_categoria`, `id_usuario`, `nombreCategoria`, `fechaCaptura`) VALUES
(1, 3, 'lotes en breña', '2021-01-25'),
(2, 3, 'casas', '2021-01-25'),
(3, 3, 'pedosd', '2021-03-05');

-- --------------------------------------------------------

--
-- Estructura de tabla para la tabla `clientes`
--

CREATE TABLE `clientes` (
  `id_cliente` int(11) NOT NULL,
  `id_usuario` int(11) NOT NULL,
  `nombre` varchar(200) DEFAULT NULL,
  `apellido` varchar(200) DEFAULT NULL,
  `direccion` varchar(200) DEFAULT NULL,
  `email` varchar(200) DEFAULT NULL,
  `telefono` varchar(200) DEFAULT NULL,
  `rfc` varchar(200) DEFAULT NULL
) ENGINE=InnoDB DEFAULT CHARSET=utf8mb4;

--
-- Volcado de datos para la tabla `clientes`
--

INSERT INTO `clientes` (`id_cliente`, `id_usuario`, `nombre`, `apellido`, `direccion`, `email`, `telefono`, `rfc`) VALUES
(2, 3, 'Juan', 'Perez Merito', 'San Ramon', 'aksjakosda@.com', '9321041530', '34`');

-- --------------------------------------------------------

--
-- Estructura de tabla para la tabla `imagenes`
--

CREATE TABLE `imagenes` (
  `id_imagen` int(11) NOT NULL,
  `id_categoria` int(11) NOT NULL,
  `nombre` varchar(500) DEFAULT NULL,
  `ruta` varchar(500) DEFAULT NULL,
  `fechaSubida` date DEFAULT NULL
) ENGINE=InnoDB DEFAULT CHARSET=utf8mb4;

--
-- Volcado de datos para la tabla `imagenes`
--

INSERT INTO `imagenes` (`id_imagen`, `id_categoria`, `nombre`, `ruta`, `fechaSubida`) VALUES
(1, 1, '1.png', '../../archivos/1.png', '2021-01-25'),
(2, 2, '1.png', '../../archivos/1.png', '2021-01-25');

-- --------------------------------------------------------

--
-- Estructura de tabla para la tabla `usuarios`
--

CREATE TABLE `usuarios` (
  `id_usuario` int(11) NOT NULL,
  `nombre` varchar(50) DEFAULT NULL,
  `apellido` varchar(50) DEFAULT NULL,
  `email` varchar(50) DEFAULT NULL,
  `password` tinytext DEFAULT NULL,
  `fechaCaptura` date DEFAULT NULL
) ENGINE=InnoDB DEFAULT CHARSET=utf8mb4;

--
-- Volcado de datos para la tabla `usuarios`
--

INSERT INTO `usuarios` (`id_usuario`, `nombre`, `apellido`, `email`, `password`, `fechaCaptura`) VALUES
(3, 'cristian alexis', 'Reyes', 'admin', '7110eda4d09e062aa5e4a390b0a572ac0d2c0220', '2021-01-25');

-- --------------------------------------------------------

--
-- Estructura de tabla para la tabla `ventas`
--

CREATE TABLE `ventas` (
  `id_venta` int(11) NOT NULL,
  `id_cliente` int(11) DEFAULT NULL,
  `id_producto` int(11) DEFAULT NULL,
  `id_usuario` int(11) DEFAULT NULL,
  `precio` float DEFAULT NULL,
  `fechaCompra` date DEFAULT NULL
) ENGINE=InnoDB DEFAULT CHARSET=utf8mb4;

--
-- Volcado de datos para la tabla `ventas`
--

INSERT INTO `ventas` (`id_venta`, `id_cliente`, `id_producto`, `id_usuario`, `precio`, `fechaCompra`) VALUES
(1, 1, 1, 3, 1500, '2021-01-25'),
(2, 1, 2, 3, 2000, '2021-01-25'),
(2, 1, 1, 3, 1500, '2021-01-25'),
(3, 2, 1, 3, 1500, '2021-02-23');

--
-- Índices para tablas volcadas
--

--
-- Indices de la tabla `articulos`
--
ALTER TABLE `articulos`
  ADD PRIMARY KEY (`id_producto`);

--
-- Indices de la tabla `categorias`
--
ALTER TABLE `categorias`
  ADD PRIMARY KEY (`id_categoria`);

--
-- Indices de la tabla `clientes`
--
ALTER TABLE `clientes`
  ADD PRIMARY KEY (`id_cliente`);

--
-- Indices de la tabla `imagenes`
--
ALTER TABLE `imagenes`
  ADD PRIMARY KEY (`id_imagen`);

--
-- Indices de la tabla `usuarios`
--
ALTER TABLE `usuarios`
  ADD PRIMARY KEY (`id_usuario`);

--
-- AUTO_INCREMENT de las tablas volcadas
--

--
-- AUTO_INCREMENT de la tabla `articulos`
--
ALTER TABLE `articulos`
  MODIFY `id_producto` int(11) NOT NULL AUTO_INCREMENT, AUTO_INCREMENT=3;

--
-- AUTO_INCREMENT de la tabla `categorias`
--
ALTER TABLE `categorias`
  MODIFY `id_categoria` int(11) NOT NULL AUTO_INCREMENT, AUTO_INCREMENT=4;

--
-- AUTO_INCREMENT de la tabla `clientes`
--
ALTER TABLE `clientes`
  MODIFY `id_cliente` int(11) NOT NULL AUTO_INCREMENT, AUTO_INCREMENT=3;

--
-- AUTO_INCREMENT de la tabla `imagenes`
--
ALTER TABLE `imagenes`
  MODIFY `id_imagen` int(11) NOT NULL AUTO_INCREMENT, AUTO_INCREMENT=3;

--
-- AUTO_INCREMENT de la tabla `usuarios`
--
ALTER TABLE `usuarios`
  MODIFY `id_usuario` int(11) NOT NULL AUTO_INCREMENT, AUTO_INCREMENT=4;
COMMIT;

/*!40101 SET CHARACTER_SET_CLIENT=@OLD_CHARACTER_SET_CLIENT */;
/*!40101 SET CHARACTER_SET_RESULTS=@OLD_CHARACTER_SET_RESULTS */;
/*!40101 SET COLLATION_CONNECTION=@OLD_COLLATION_CONNECTION */;
